Name,Email,Phone Number,Company,Title,LLM_Industry
Fernando Myers,FernandoMyers@testemail.com,4074627289,Martin-Gates,"Nurse, children's",Healthcare
Danielle Sheppard,DanielleSheppard@testemail.com,001-580-334-4312,Brown-Pugh,Counsellor,Healthcare
Christian Castillo,ChristianCastillo@testemail.com,218.549.2269x012,Brown-Hawkins,Legal secretary,None of the categories.
Christopher Miller,ChristopherMiller@testemail.com,+1-967-239-0327x53614,Burns and Sons,Quantity surveyor,Construction
Larry Mata,LarryMata@testemail.com,001-773-633-6096,Anderson-Morris,Systems analyst,Technology
Jared Barnes,JaredBarnes@testemail.com,+1-755-036-4050,Harris-Chapman,Dispensing optician,Healthcare
Anne Jones,AnneJones@testemail.com,001-929-348-2807x08421,Cervantes,Energy manager,Energy
Brandon Bradshaw,BrandonBradshaw@testemail.com,001-060-973-6282x713,Cervantes,"Psychotherapist, child",Healthcare
Gloria Pitts,GloriaPitts@testemail.com,001-375-292-2149x505,Galvan Group,Insurance risk surveyor,Finance
Tyler Norton,TylerNorton@testemail.com,356.177.9987x5103,Ramos-Montgomery,Physiological scientist,Healthcare
Robert Reynolds,RobertReynolds@testemail.com,4897886678,Montgomery-Brady,Ecologist,Healthcare
Madison Carson PhD,MadisonCarsonPhD@testemail.com,001-927-289-7049x277,Kelly Inc,Orthoptist,Healthcare
Jason Lewis,JasonLewis@testemail.com,(287)381-3185x5516,Henderson-Silva,Physiotherapist,Healthcare
Brandi Collins,BrandiCollins@testemail.com,001-469-099-6781x8044,Ballard Inc,Operational researcher,Technology
Phillip Hayden,PhillipHayden@testemail.com,+1-833-399-2550x7373,Soto LLC,Marketing executive,Retail
Heather Sherman,HeatherSherman@testemail.com,(368)415-8949x471,Gay-Stevenson,Legal executive,Finance
Aaron Nguyen,AaronNguyen@testemail.com,001-252-254-3184,Diaz PLC,Sport and exercise psychologist,Healthcare
Dominique Orozco,DominiqueOrozco@testemail.com,(068)427-9725x3731,Saunders-Nichols,Medical physicist,Healthcare
Robert King,RobertKing@testemail.com,(745)609-1034,"Coleman, Jones and Keith",Investment analyst,Finance
Courtney Stone,CourtneyStone@testemail.com,2830623027,Tucker Ltd,Accommodation manager,Hospitality
William Smith,WilliamSmith@testemail.com,001-462-254-0785x76363,Allen Inc,Emergency planning/management officer,Healthcare
Terry Waters,TerryWaters@testemail.com,(565)418-2061x8457,Jones PLC,Clinical molecular geneticist,Healthcare
Peter Dennis,PeterDennis@testemail.com,488-785-5557x797,"Bell, Dean and Oneill",Economist,Finance
Christian Lawrence,ChristianLawrence@testemail.com,+1-496-912-9794x446,Cervantes,Hydrogeologist,Energy
Jill Grimes,JillGrimes@testemail.com,(861)290-5117,Hunt-Reed,"Engineer, water",Energy
Taylor Perez,TaylorPerez@testemail.com,8524136612,Bean Inc,Medical physicist,Healthcare
Tammy Johnson,TammyJohnson@testemail.com,980.767.6966x8592,"Cooper, Pineda and Whitney",Special educational needs teacher,Education
Manuel Hurst,ManuelHurst@testemail.com,001-535-741-6968,Mack Group,Risk analyst,Finance
Kendra Floyd,KendraFloyd@testemail.com,001-952-629-3050x82936,Montes-Barnes,Television floor manager,Technology
Ashley Montgomery,AshleyMontgomery@testemail.com,833-777-9203x04459,Shepherd-Davis,Manufacturing engineer,Manufacturing
Christina Wilson,ChristinaWilson@testemail.com,+1-822-575-7758x435,Martinez Inc,Higher education careers adviser,Education
Derek Kennedy,DerekKennedy@testemail.com,+1-517-619-7144x0175,Shepard PLC,"Scientist, physiological",Healthcare
Nathan Melendez,NathanMelendez@testemail.com,099.158.0469x548,Burns and Sons,Logistics and distribution manager,transportation
Dustin Wilson,DustinWilson@testemail.com,+1-806-461-3181x794,Tate LLC,"Teacher, special educational needs",Education
Melissa Eaton,MelissaEaton@testemail.com,001-556-360-2823x4101,Guerra-Garcia,Electrical engineer,Energy
Mr. Jay Harris,Mr.JayHarris@testemail.com,290-058-6056x83869,Moreno Ltd,"Editor, commissioning",Education
Stephanie George,StephanieGeorge@testemail.com,001-879-607-9669x145,"Russo, Moran and Hoffman",Mudlogger,Energy
Jennifer Harris,JenniferHarris@testemail.com,773-558-7869x37987,Olson-Sanders,"Editor, film/video",Technology
Patrick Ford,PatrickFord@testemail.com,298-891-2620x829,"Martinez, Kim and Howard",Dramatherapist,Healthcare
Chelsea Holland,ChelseaHolland@testemail.com,001-253-295-7662x52674,Myers LLC,Commercial art gallery manager,Retail
Leslie Chase,LeslieChase@testemail.com,590.338.0098,Rose Ltd,Recycling officer,Manufacturing
Daniel Hernandez,DanielHernandez@testemail.com,962.578.1972x417,Glover-Rivera,Museum/gallery conservator,education
Christine Ayers,ChristineAyers@testemail.com,996-166-3931x1226,Tate LLC,Pension scheme manager,Finance
Sonia Stevens,SoniaStevens@testemail.com,+1-243-899-0734,Galvan Group,Physiotherapist,Healthcare
Mary Rogers,MaryRogers@testemail.com,001-079-532-8582x71982,Leon and Sons,Building services engineer,Construction
Anthony Wilson,AnthonyWilson@testemail.com,(419)930-7245,"Russo, Moran and Hoffman","Therapist, nutritional",Healthcare
Michael Greene,MichaelGreene@testemail.com,752.370.8935x112,Glover-Rivera,Clothing/textile technologist,Manufacturing
Thomas Lawson,ThomasLawson@testemail.com,001-824-402-4761x210,Evans and Sons,"Psychotherapist, dance movement",Healthcare
Adam Alexander,AdamAlexander@testemail.com,883.259.0262x1159,"Riley, Edwards and Calderon",Office manager,Retail
Stephanie Hobbs,StephanieHobbs@testemail.com,217.172.2657,"Miller, Howard and Burton",Quality manager,Manufacturing
Carlos Roman,CarlosRoman@testemail.com,001-521-551-1267x636,Hernandez-Woods,Publishing rights manager,Education
Katelyn Williams,KatelynWilliams@testemail.com,+1-138-834-1320x03116,"Moore, Warren and Morris",Data processing manager,Technology
Eric Hunt,EricHunt@testemail.com,226.644.1154x658,James LLC,"Social research officer, government",Education
Tyrone Hernandez DDS,TyroneHernandezDDS@testemail.com,(539)832-5657,Rodriguez PLC,"Buyer, industrial",Manufacturing
Joseph Jones,JosephJones@testemail.com,129-505-4345x88928,Hernandez-Woods,Volunteer coordinator,Education
Anthony Pierce,AnthonyPierce@testemail.com,(881)202-2981x829,Shepherd-Davis,Maintenance engineer,manufacturing
Nicole Martinez,NicoleMartinez@testemail.com,+1-154-585-7609,Ortiz-Pham,Commissioning editor,Education
Toni Ayala,ToniAyala@testemail.com,2525946347,Gay-Stevenson,Illustrator,Technology
Wyatt Berry,WyattBerry@testemail.com,806-971-3893x8400,"Martinez, Kim and Howard","Scientist, product/process development",Manufacturing
Eileen Park,EileenPark@testemail.com,648-615-4205,"Clay, Smith and Phillips",Restaurant manager,Hospitality
Heather Gutierrez,HeatherGutierrez@testemail.com,919-914-5138,Burns and Sons,Broadcast presenter,Media
Colton Jones,ColtonJones@testemail.com,+1-585-888-9041x9879,Hernandez-Briggs,Tour manager,Hospitality
Darin Martinez,DarinMartinez@testemail.com,+1-305-723-3707x1280,"Gonzales, Miller and Sanchez",Tax adviser,Finance
Tina Mccarthy,TinaMccarthy@testemail.com,(420)410-7339x69201,"Baker, Mcdaniel and Cruz",Special educational needs teacher,Education
Troy Brewer,TroyBrewer@testemail.com,+1-795-915-0440x674,"Miller, Howard and Burton",Health visitor,Healthcare
Brian Diaz,BrianDiaz@testemail.com,474.165.6922x534,Casey-Stephenson,Fish farm manager,Agriculture
Taylor Gibson,TaylorGibson@testemail.com,+1-923-790-1593,Evans and Sons,"Psychologist, clinical",Healthcare
James Sexton,JamesSexton@testemail.com,+1-641-011-3489x00275,Brown-Pugh,"Production designer, theatre/television/film",Entertainment
Eric Farley,EricFarley@testemail.com,(595)525-1865,Hardin PLC,Architectural technologist,Construction
Angelica Taylor,AngelicaTaylor@testemail.com,733.994.2455x32744,Young-Garcia,Fast food restaurant manager,hospitality
Kendra Kelly,KendraKelly@testemail.com,435.679.0417,Ramirez PLC,Retail buyer,Retail
Rebecca Turner,RebeccaTurner@testemail.com,(210)154-1048,Glover-Rivera,Copy,Technology
Eric Tucker,EricTucker@testemail.com,8115652807,James LLC,Comptroller,Finance
Christopher Rose,ChristopherRose@testemail.com,001-227-527-3583x0233,"Bass, Ortiz and Fitzpatrick",Warehouse manager,Transportation
Christina Benson,ChristinaBenson@testemail.com,(757)979-8717x32637,Gay-Stevenson,Building services engineer,Construction
Jeremy Flores,JeremyFlores@testemail.com,001-855-050-9518x9490,Martin-Gates,Musician,None of the categories.
Jennifer Williams,JenniferWilliams@testemail.com,091-471-7860x435,Davies Group,Financial planner,finance
Brooke Lewis,BrookeLewis@testemail.com,8730052552,Hernandez-Briggs,Software engineer,Technology
Nicole Noble,NicoleNoble@testemail.com,+1-917-357-7512x7157,"Lynch, Harris and Cook",Information systems manager,Technology
Susan Barker,SusanBarker@testemail.com,084-635-8215x5405,Wood-Jarvis,"Librarian, academic",Education
Justin Burgess,JustinBurgess@testemail.com,001-784-224-8870x3788,Gross-Kennedy,Financial manager,Finance
Phillip Hardy,PhillipHardy@testemail.com,+1-608-887-2128x7835,Mack Group,Health promotion specialist,Healthcare
Heidi Green,HeidiGreen@testemail.com,582-415-3453,Montes-Barnes,"Investment banker, operational",Finance
Ricky Chan,RickyChan@testemail.com,817.972.0150,Adams LLC,Publishing copy,Technology
Candice Riley,CandiceRiley@testemail.com,+1-222-542-2462x81656,"Clay, Smith and Phillips","Psychologist, forensic",Healthcare
Heather Marsh,HeatherMarsh@testemail.com,+1-633-794-8543x5683,Adams LLC,Public affairs consultant,Technology
Natalie Baker,NatalieBaker@testemail.com,217.939.2801x586,Casey-Stephenson,"Surveyor, quantity",Construction
Mary Anderson,MaryAnderson@testemail.com,001-184-551-2580x42884,Hernandez-Briggs,"Sales professional, IT",Technology
Ryan Griffin,RyanGriffin@testemail.com,2995894426,Rodriguez PLC,Forensic psychologist,Healthcare
Janet Andrews,JanetAndrews@testemail.com,+1-523-800-3638x0149,Hardin PLC,Information systems manager,Technology
Andrew Snow,AndrewSnow@testemail.com,065-253-1065x705,"Moore, Warren and Morris","Editor, magazine features",Retail
Paula Hurley,PaulaHurley@testemail.com,001-174-701-2469,Whitehead-Bell,Hotel manager,Hospitality
Kyle Sutton,KyleSutton@testemail.com,001-741-756-6134x4374,Davies Group,Pension scheme manager,finance
Jeffrey Flores,JeffreyFlores@testemail.com,+1-881-226-6112x069,Tate LLC,"Therapist, drama",Healthcare
Cindy Cook,CindyCook@testemail.com,340.748.9275x61653,Allen Inc,Microbiologist,Healthcare
Linda Jones,LindaJones@testemail.com,(324)763-8137x597,Shepherd-Davis,Armed forces technical officer,Technology
Leslie Hammond,LeslieHammond@testemail.com,+1-536-807-2417x113,"Coleman, Jones and Keith",Arboriculturist,Energy and Manufacturing
Elizabeth Wheeler,ElizabethWheeler@testemail.com,125-468-8380x1850,"Bass, Ortiz and Fitzpatrick",Meteorologist,Energy
Keith Walters,KeithWalters@testemail.com,8642602661,Casey-Stephenson,Local government officer,Public Sector
Sarah Stafford,SarahStafford@testemail.com,(560)639-3355x6106,Martinez Ltd,Chief Strategy Officer,Finance
Molly Hill,MollyHill@testemail.com,001-577-037-0918,Campos-Boyd,Community education officer,Education
Aaron Weaver,AaronWeaver@testemail.com,396.207.2118x264,"Russo, Moran and Hoffman",Planning and development surveyor,Construction
Christopher Daniel,ChristopherDaniel@testemail.com,398.247.7670x92992,Shepard PLC,"Education officer, museum",Education
Dr. Jenna Crawford,Dr.JennaCrawford@testemail.com,5888628756,"Coleman, Jones and Keith",Dispensing optician,Healthcare
Thomas Drake,ThomasDrake@testemail.com,(731)445-5931,"Riley, Edwards and Calderon","Librarian, academic",Education
Taylor Cantu,TaylorCantu@testemail.com,001-581-755-8831x94245,Myers LLC,Learning disability nurse,Healthcare
Alyssa Martin,AlyssaMartin@testemail.com,001-532-520-4079x881,Tate LLC,Equities trader,Finance
Gabriela Porter,GabrielaPorter@testemail.com,(616)364-4272,Mack Group,Barrister,Finance
Scott Armstrong,ScottArmstrong@testemail.com,(926)508-5973x803,Whitehead-Bell,Waste management officer,Energy and manufacturing
Melanie Flores,MelanieFlores@testemail.com,562.312.2054x59376,Brown-Pugh,"Engineer, aeronautical",Technology
Diana Taylor,DianaTaylor@testemail.com,5985585337,Cooper-West,"Designer, industrial/product",manufacturing
Keith Frazier,KeithFrazier@testemail.com,+1-166-184-9132x700,Cervantes,Actuary,Finance
Lauren Waters,LaurenWaters@testemail.com,+1-212-061-1946x4017,Barnett-Peters,Corporate treasurer,Finance
Shannon Doyle,ShannonDoyle@testemail.com,599-728-9995,Flores-Reese,Careers information officer,Education
Heather Chavez,HeatherChavez@testemail.com,299-296-1722x2785,Flores-Bailey,Geochemist,Energy
David Miller,DavidMiller@testemail.com,893-966-1781x035,Ortiz-Pham,Agricultural consultant,Agriculture is typically classified under the broader industry category of **manufacturing**.
Jonathan Vasquez,JonathanVasquez@testemail.com,(433)851-6154,Rodriguez PLC,Fast food restaurant manager,hospitality
Jessica Petersen,JessicaPetersen@testemail.com,001-528-171-2913,Barnett-Peters,Midwife,Healthcare
Roger Wolfe,RogerWolfe@testemail.com,5575997884,Perkins-Watkins,"Radiographer, diagnostic",Healthcare
Raymond Edwards,RaymondEdwards@testemail.com,001-232-455-5703,Rose Ltd,Ship broker,Transportation
Gregory Diaz,GregoryDiaz@testemail.com,+1-133-896-7115x8542,Henderson-Silva,"Engineer, civil (consulting)",Construction
Nicole Mcclure,NicoleMcclure@testemail.com,(056)715-2601,"Lynch, Harris and Cook",Barista,Hospitality
Christopher Banks,ChristopherBanks@testemail.com,860.810.6842x842,Campos-Boyd,Engineering geologist,Construction
Anthony Sparks,AnthonySparks@testemail.com,441.331.4615x139,"Martinez, Kim and Howard",Maintenance engineer,Manufacturing
Ronald Petty,RonaldPetty@testemail.com,573.256.7016x56872,Williams Ltd,Print production planner,Manufacturing
Rebecca Turner,RebeccaTurner@testemail.com,(745)148-6492x60133,Leon and Sons,Seismic interpreter,Energy
Angelica Smith,AngelicaSmith@testemail.com,(345)632-1924,Soto LLC,Insurance claims handler,finance
Mr. Jason Gonzalez,Mr.JasonGonzalez@testemail.com,853.184.8768x721,Evans and Sons,"Merchandiser, retail",Retail
Karen Jones,KarenJones@testemail.com,219.826.0686x41316,"Garcia, Lee and Williams",Agricultural engineer,Manufacturing
Michael Bauer,MichaelBauer@testemail.com,(775)612-3871,Saunders-Nichols,Special effects artist,Technology
Sandra Leonard,SandraLeonard@testemail.com,262.418.7932x7007,"Bass, Ortiz and Fitzpatrick",Banker,Finance
Felicia Wright,FeliciaWright@testemail.com,(093)336-2429,Saunders-Nichols,Food technologist,Manufacturing
Mr. Jason Blake PhD,Mr.JasonBlakePhD@testemail.com,+1-362-757-4608x72073,Henderson-Silva,Museum/gallery conservator,education
Christina Dalton,ChristinaDalton@testemail.com,9083914680,Cooper-West,Architectural technologist,Construction
Kimberly Hebert,KimberlyHebert@testemail.com,(509)082-5529x202,Hernandez-Briggs,Production manager,Manufacturing
Charles Wiggins,CharlesWiggins@testemail.com,6408175732,Rodriguez PLC,Barista,Hospitality
Christopher Garcia DVM,ChristopherGarciaDVM@testemail.com,4271986915,Campos-Boyd,Chartered accountant,Finance
Michelle Salas,MichelleSalas@testemail.com,(590)058-5059x872,Montes-Barnes,Firefighter,Emergency Services
Roger Ramirez,RogerRamirez@testemail.com,001-815-920-2451,Jones Ltd,Photographer,None of the listed categories.
Reginald Holloway,ReginaldHolloway@testemail.com,+1-815-450-2798,Cervantes,Wellsite geologist,Energy
Dominic Petty,DominicPetty@testemail.com,+1-464-214-2576x09124,"Martinez, Kim and Howard",Fast food restaurant manager,Hospitality
Cindy Sellers,CindySellers@testemail.com,+1-126-997-4950x974,Weiss-Ortiz,"Designer, multimedia",Technology
Michael Carroll,MichaelCarroll@testemail.com,066.911.1586,"Russo, Moran and Hoffman",Technical brewer,Manufacturing
Chad Gilbert,ChadGilbert@testemail.com,(895)467-8823x254,Henderson-Silva,"Sound technician, broadcasting/film/video",Technology
Jillian Collins,JillianCollins@testemail.com,312-703-5752,"Wagner, Bailey and Guzman",Furniture conservator/restorer,Manufacturing
Amanda Gonzalez,AmandaGonzalez@testemail.com,(903)335-8122,"Powell, Mcmahon and Shaffer",Publishing rights manager,Education
Amanda Dixon,AmandaDixon@testemail.com,830-558-3016x635,Adams LLC,"Geologist, wellsite",Energy
John Welch,JohnWelch@testemail.com,(196)536-0825,Martin LLC,Counselling psychologist,Healthcare
Karen Tyler,KarenTyler@testemail.com,5002918295,Casey-Stephenson,Radio broadcast assistant,Transportation
Teresa Thomas,TeresaThomas@testemail.com,194.025.3358x2407,Lopez-Kirby,Comptroller,Finance
Timothy Ruiz,TimothyRuiz@testemail.com,+1-562-598-2844,Shepherd-Davis,Psychiatric nurse,Healthcare
Antonio Salazar,AntonioSalazar@testemail.com,945.045.4275x4217,Jones PLC,Public relations officer,Retail
Linda Marquez,LindaMarquez@testemail.com,+1-240-351-7317x06260,Whitehead-Bell,Banker,Finance
Angela Pugh,AngelaPugh@testemail.com,001-053-514-9571x7385,Flores-Reese,"Journalist, newspaper",Retail
Laura Morales,LauraMorales@testemail.com,432.901.7663x4697,Montes-Barnes,"Designer, fashion/clothing",retail
Maria Lamb,MariaLamb@testemail.com,029.301.5015x64691,Gross-Kennedy,"Engineer, manufacturing",Manufacturing
Michele Greer,MicheleGreer@testemail.com,+1-341-188-6380x1999,Mason Group,"Copywriter, advertising",Retail
Paul Richardson,PaulRichardson@testemail.com,+1-248-388-5017x88227,Manning Inc,Web designer,Technology
Randy Adams,RandyAdams@testemail.com,631.378.4594,Hardin PLC,Publishing copy,Technology
Sheila Peterson,SheilaPeterson@testemail.com,+1-838-377-4318x83609,Myers-Dawson,Tax adviser,Finance
Natalie Rivers,NatalieRivers@testemail.com,015.438.3344x523,"Meyer, Alexander and Kim","Engineer, agricultural",Manufacturing
Ashley Smith,AshleySmith@testemail.com,559-535-6384x2710,"Riley, Edwards and Calderon",Quarry manager,Construction
Kathy Rose,KathyRose@testemail.com,+1-745-399-6611x046,"Bell, Dean and Oneill",Insurance account manager,finance
Donna Travis,DonnaTravis@testemail.com,+1-160-707-8268x239,Hernandez-Woods,Associate Professor,Education
Kenneth Hoover,KennethHoover@testemail.com,001-518-338-8319x38378,Henderson-Silva,Metallurgist,Manufacturing
Larry Irwin,LarryIrwin@testemail.com,(304)152-3796x45693,Soto LLC,"Lecturer, higher education",Education
Christopher Livingston PhD,ChristopherLivingstonPhD@testemail.com,(654)904-8006,Adams LLC,Geophysical data processor,energy
John Rodriguez,JohnRodriguez@testemail.com,541-752-0648x43158,Burns and Sons,Multimedia specialist,Technology
Elizabeth Pollard,ElizabethPollard@testemail.com,+1-970-612-0265,Bean Inc,Glass blower/designer,Manufacturing
Mrs. Natasha Best,Mrs.NatashaBest@testemail.com,+1-074-445-6161,Shepard PLC,"Restaurant manager, fast food",Hospitality
Lindsey Gonzales,LindseyGonzales@testemail.com,239.687.9944x58774,"Barnes, Whitehead and Gray",Contractor,Construction
Michael Skinner,MichaelSkinner@testemail.com,221-777-7189,Harris-Becker,Actor,Hospitality
Brooke Rodriguez,BrookeRodriguez@testemail.com,001-214-652-0067x2499,Soto LLC,Ambulance person,Healthcare
Jessica Barnes,JessicaBarnes@testemail.com,(373)774-3025,"Brown, Woodward and Sexton","Surveyor, mining",Construction
Samuel Heath,SamuelHeath@testemail.com,+1-008-448-7625x154,Shepherd-Davis,"Programme researcher, broadcasting/film/video",Technology
Jordan Ho,JordanHo@testemail.com,+1-155-974-7956,"Thomas, Love and Harris",Architect,Construction
Jason Miller,JasonMiller@testemail.com,001-574-456-8575,Leon and Sons,"Teacher, music",Education
Bonnie Anderson,BonnieAnderson@testemail.com,730.183.5107x0308,Mason Group,"Buyer, retail",Retail
Jimmy Adams,JimmyAdams@testemail.com,471-182-8806,Ramos-Montgomery,"Development worker, international aid",Healthcare
Elizabeth Fox,ElizabethFox@testemail.com,494-962-2695x658,Massey Ltd,Special educational needs teacher,Education
Katie Clark,KatieClark@testemail.com,001-161-706-1144x3300,"Baker, Mcdaniel and Cruz",Colour technologist,Manufacturing
Hayley Robinson,HayleyRobinson@testemail.com,001-829-242-9351,"Powell, Mcmahon and Shaffer","Production assistant, television",Media and entertainment
Robert Sampson,RobertSampson@testemail.com,(998)746-5964x433,Ortiz-Pham,Sub,Unable to classify due to incomplete information. Please provide the full job title.
Amanda Alexander,AmandaAlexander@testemail.com,+1-156-448-5706,Price LLC,Horticultural consultant,Manufacturing
Gregory Johnson,GregoryJohnson@testemail.com,001-943-336-2033x7112,Guerra-Garcia,Mining engineer,Energy
Amy Wright,AmyWright@testemail.com,001-392-290-0426,Weiss-Ortiz,"Scientist, clinical (histocompatibility and immunogenetics)",Healthcare
Samuel Hunter,SamuelHunter@testemail.com,001-236-675-7509x29779,"Martinez, Kim and Howard",Interior and spatial designer,Construction
Thomas Davis Jr.,ThomasDavisJr.@testemail.com,001-383-647-5882,Gay-Stevenson,"Engineer, chemical",Manufacturing
Kevin Buchanan,KevinBuchanan@testemail.com,+1-790-939-0429,Soto LLC,Chief Executive Officer,Technology
Ms. Cindy Juarez MD,Ms.CindyJuarezMD@testemail.com,(918)834-6870,"Barnes, Whitehead and Gray",Forensic psychologist,Healthcare
Erin Williams,ErinWilliams@testemail.com,(609)685-5115x9990,Guerra-Garcia,"Engineer, civil (consulting)",Construction
Crystal Hunt,CrystalHunt@testemail.com,001-930-113-2241x7905,Gross-Kennedy,Pensions consultant,Finance
Alyssa Lang,AlyssaLang@testemail.com,046-437-4078x770,"Brown, Woodward and Sexton",Advice worker,Healthcare
Emily Thomas,EmilyThomas@testemail.com,7464553733,Evans and Sons,"Lighting technician, broadcasting/film/video",Technology
Daniel Aguilar,DanielAguilar@testemail.com,399.196.7729x444,Gay-Stevenson,Quarry manager,Construction
Sharon Hammond,SharonHammond@testemail.com,1250087637,Galvan Group,Museum/gallery exhibitions officer,hospitality
Heather Orozco,HeatherOrozco@testemail.com,(158)004-0720,"Wagner, Bailey and Guzman",Ophthalmologist,Healthcare
Kimberly Welch,KimberlyWelch@testemail.com,(569)878-2987x3660,Cervantes,"Geneticist, molecular",Healthcare
Lisa Cross,LisaCross@testemail.com,9439663230,Mack Group,Television/film/video producer,None of the categories apply.
Shawn Griffith,ShawnGriffith@testemail.com,001-149-525-4147x72193,"Clay, Smith and Phillips",Analytical chemist,healthcare
Virginia Perez,VirginiaPerez@testemail.com,799.649.4849,Perkins-Watkins,Logistics and distribution manager,Transportation
James Hooper,JamesHooper@testemail.com,3566346529,"Raymond, Terry and Warner","Teacher, adult education",education
Ronnie Robinson,RonnieRobinson@testemail.com,963.467.9419,Myers-Dawson,"Engineer, maintenance",Manufacturing
Kevin Schmidt,KevinSchmidt@testemail.com,085.983.3578x6785,Tate LLC,Systems developer,Technology
Daniel Pennington,DanielPennington@testemail.com,001-502-169-6213,Berg Ltd,Homeopath,Healthcare
Ryan Wang,RyanWang@testemail.com,851.318.8857x61409,"Martinez, Kim and Howard",Armed forces logistics/support/administrative officer,Transportation
Renee Tucker,ReneeTucker@testemail.com,(462)129-4958x21388,Nielsen LLC,Race relations officer,Healthcare
Shannon Potts,ShannonPotts@testemail.com,001-179-585-6949,Edwards and Sons,Barrister's clerk,None of the categories.
Annette Carter,AnnetteCarter@testemail.com,(984)152-9747,Kelly Inc,Community pharmacist,Healthcare
Samantha Wilson,SamanthaWilson@testemail.com,681-052-9430x78382,Burns and Sons,Visual merchandiser,Retail
Diane Owens,DianeOwens@testemail.com,7659725221,Shepard PLC,Insurance risk surveyor,Finance
Megan Lopez,MeganLopez@testemail.com,+1-144-840-2620x2627,Leon and Sons,"Therapist, speech and language",Healthcare
Caroline Garcia,CarolineGarcia@testemail.com,001-263-772-6969x98339,"Bass, Ortiz and Fitzpatrick",Theatre manager,Hospitality
Eric Martinez,EricMartinez@testemail.com,(395)658-2547x648,"Martinez, Kim and Howard",Environmental education officer,Education
Danielle Craig,DanielleCraig@testemail.com,3212697147,Ballard Inc,Advertising art director,Retail
William Moon,WilliamMoon@testemail.com,505.426.2694x381,"Meyer, Alexander and Kim","Administrator, sports",Education
Nicolas Fernandez PhD,NicolasFernandezPhD@testemail.com,001-344-708-5078x5827,Lopez-Kirby,Jewellery designer,Manufacturing
Sydney Jones,SydneyJones@testemail.com,+1-849-180-7197,Diaz PLC,"Psychologist, prison and probation services",healthcare
Morgan Horn,MorganHorn@testemail.com,566.719.8871x260,Montgomery-Cox,Biomedical engineer,Healthcare
Cynthia Escobar,CynthiaEscobar@testemail.com,979.591.3005,Myers LLC,Armed forces logistics/support/administrative officer,Transportation
Robert Phillips,RobertPhillips@testemail.com,8025813987,Leon and Sons,Sub,"The job title ""Sub"" does not provide enough context to classify it within the specified industry categories. Please provide a complete job title for classification."
David Thomas,DavidThomas@testemail.com,534-819-7913,Hunt-Reed,Estate manager/land agent,Real Estate
David Hines,DavidHines@testemail.com,856-664-6020x459,Henderson-Silva,"Geologist, wellsite",Energy
Jessica Butler,JessicaButler@testemail.com,(775)593-4796,Montgomery-Cox,Telecommunications researcher,Technology
Casey Ortiz,CaseyOrtiz@testemail.com,754.547.7144x85013,Ramirez PLC,Contractor,Construction
Kristina Vasquez,KristinaVasquez@testemail.com,382.498.5794x052,Whitehead-Bell,Private music teacher,Education
Veronica Ward,VeronicaWard@testemail.com,+1-761-053-2077x727,Manning Inc,Records manager,Finance
Jennifer Malone,JenniferMalone@testemail.com,272-579-5341,Flores-Reese,Homeopath,Healthcare
Alexandra Hardy,AlexandraHardy@testemail.com,4965304761,Mason Group,Fine artist,None of the categories.
Ellen Holden DDS,EllenHoldenDDS@testemail.com,343-454-1420x735,Moreno Ltd,Drilling engineer,Energy
Susan Martinez,SusanMartinez@testemail.com,463-220-4840,Edwards and Sons,"Engineer, maintenance",manufacturing
Christine Marks,ChristineMarks@testemail.com,781.206.0276x6587,Rose Ltd,English as a second language teacher,Education
Felicia Harris,FeliciaHarris@testemail.com,6766461295,Casey-Stephenson,Animal nutritionist,Healthcare
Ryan Arnold,RyanArnold@testemail.com,001-244-706-9146x52649,Ballard Inc,Sports therapist,Healthcare
Christopher Ferguson,ChristopherFerguson@testemail.com,295-936-7950,Flores-Bailey,Oncologist,Healthcare
Mary Rivera,MaryRivera@testemail.com,342-428-3188,Glover-Rivera,Warehouse manager,Logistics and Transportation.
April Cole,AprilCole@testemail.com,797-191-1981,"Watkins, Sanders and Barry",Housing manager/officer,Real estate
Ernest Johnson,ErnestJohnson@testemail.com,533.202.1652x15170,Evans and Sons,"Surveyor, mining",Construction
Briana Chen,BrianaChen@testemail.com,+1-823-731-9994x4332,"Watkins, Sanders and Barry",Meteorologist,Energy
Sandra Dorsey,SandraDorsey@testemail.com,474.423.3797,Gross-Kennedy,Music therapist,Healthcare
Stephanie Johnson MD,StephanieJohnsonMD@testemail.com,+1-703-153-0460x963,Casey-Stephenson,"Nurse, adult",Healthcare
Nicholas Massey,NicholasMassey@testemail.com,378.797.2371x899,Myers-Dawson,"Sales professional, IT",Technology
Steven Mccarty,StevenMccarty@testemail.com,(842)417-5154x928,"Wagner, Bailey and Guzman",Drilling engineer,Energy
Pamela Shields,PamelaShields@testemail.com,(215)021-7170,Ramos-Montgomery,"Scientist, research (life sciences)",Healthcare
Diane Thomas,DianeThomas@testemail.com,955.893.4880,Galvan Group,Osteopath,Healthcare
Daniel Martin,DanielMartin@testemail.com,171-061-1478,Mack Group,"Sound technician, broadcasting/film/video",Technology
Janet Moore,JanetMoore@testemail.com,378.636.9585x33280,James LLC,"Surveyor, land/geomatics",Construction
Denise Hobbs,DeniseHobbs@testemail.com,323-050-2966,"Clay, Smith and Phillips",Freight forwarder,Transportation
Ronald Brooks,RonaldBrooks@testemail.com,+1-756-902-3170x89938,Davies Group,Chief Marketing Officer,Retail
Christopher Martin,ChristopherMartin@testemail.com,462.251.5502x710,Montes-Barnes,"Engineer, petroleum",Energy
Darren Howell,DarrenHowell@testemail.com,(372)542-0855,Massey Ltd,Civil Service administrator,Public sector administration
Brian Byrd,BrianByrd@testemail.com,364.456.3300,Ortiz-Pham,Broadcast engineer,Technology
Francis Figueroa,FrancisFigueroa@testemail.com,(685)452-8972x7788,"Wagner, Bailey and Guzman",Heritage manager,Education
Adriana Parker,AdrianaParker@testemail.com,464.280.2045x719,Galvan Group,Editorial assistant,Education
John Patterson,JohnPatterson@testemail.com,627.057.1743x7111,Bean Inc,Stage manager,Hospitality
Alan Sullivan,AlanSullivan@testemail.com,687.412.1717,Young-Garcia,Publishing rights manager,Retail
Jeanette Lopez,JeanetteLopez@testemail.com,323-811-9519,Montgomery-Brady,Charity fundraiser,Retail
Ashley Jackson,AshleyJackson@testemail.com,638.294.7546,Martinez Inc,"Editor, magazine features",Retail
Robert Smith,RobertSmith@testemail.com,235-086-1101x56008,"Martinez, Kim and Howard",Exercise physiologist,Healthcare
Eric Jones,EricJones@testemail.com,3613648568,Mason Group,Government social research officer,Education
Benjamin Shields,BenjaminShields@testemail.com,(216)995-6461x54017,Martin LLC,Seismic interpreter,Energy
Michelle Roberts,MichelleRoberts@testemail.com,501.002.1968,Bean Inc,Art gallery manager,Retail
Christopher Harris,ChristopherHarris@testemail.com,573.887.6041x8713,Tucker Ltd,Mudlogger,Energy
Paul Valdez,PaulValdez@testemail.com,001-660-074-8365x733,"Jones, Adkins and Robinson","Lecturer, higher education",Education
Jacob Lucas,JacobLucas@testemail.com,860.681.4978,Tucker Ltd,"Surveyor, hydrographic",construction
Jacob Clay MD,JacobClayMD@testemail.com,1233101689,Myers LLC,"Horticulturist, commercial",Agriculture
Kimberly Vaughn,KimberlyVaughn@testemail.com,447-990-2916,"Powell, Mcmahon and Shaffer",Broadcast engineer,Technology
Matthew Green,MatthewGreen@testemail.com,(487)085-1727x3796,Manning Inc,"Engineer, petroleum",Energy
Brianna Stewart,BriannaStewart@testemail.com,564-016-4203,Mack Group,Estate agent,Retail
Frank Carroll,FrankCarroll@testemail.com,787-438-8529,Hernandez-Woods,"Engineer, technical sales",Technology
Suzanne Bell,SuzanneBell@testemail.com,(169)051-3035x6742,"Cooper, Pineda and Whitney",Legal executive,Finance
Kimberly Sims,KimberlySims@testemail.com,398.920.7773,Hernandez-Woods,Automotive engineer,Transportation
Vernon Hill,VernonHill@testemail.com,065.127.4339,"Clay, Smith and Phillips",Secondary school teacher,Education
Kayla Hunter,KaylaHunter@testemail.com,001-828-454-1659x2705,Myers-Dawson,Volunteer coordinator,Hospitality
Jeffrey Roberts,JeffreyRoberts@testemail.com,(230)389-9695x8604,Myers LLC,Colour technologist,Manufacturing
Nicholas Clarke,NicholasClarke@testemail.com,(873)387-6394,"Baker, Mcdaniel and Cruz",Teaching laboratory technician,education
Dr. Crystal Ashley MD,Dr.CrystalAshleyMD@testemail.com,218.702.2435x24899,Ortiz-Pham,Research scientist (maths),education
Douglas Lynch,DouglasLynch@testemail.com,+1-314-582-1501,Berg Ltd,Trading standards officer,Finance
Kathryn Shepard,KathrynShepard@testemail.com,848-521-6685x9209,Mack Group,Sports coach,Education
Alison Riddle,AlisonRiddle@testemail.com,864-302-0879,Olson-Sanders,Public relations account executive,Retail
Pamela Pittman,PamelaPittman@testemail.com,001-027-990-7701x92973,"Powell, Mcmahon and Shaffer",Product designer,Technology
Matthew Flores,MatthewFlores@testemail.com,000-888-9831,"Hernandez, Hoffman and Sanchez",Automotive engineer,Manufacturing
Melissa Dillon,MelissaDillon@testemail.com,799.924.3874x722,Ballard Inc,Furniture designer,Manufacturing
Jose Vasquez,JoseVasquez@testemail.com,+1-332-247-2432,Brown-Hawkins,"Designer, multimedia",Technology
Brian Hanson,BrianHanson@testemail.com,+1-333-353-4118x346,Leon and Sons,Theatre stage manager,Hospitality
Tara Rush,TaraRush@testemail.com,+1-610-351-8706,Moreno Ltd,Health promotion specialist,Healthcare
Rachel Mccarthy,RachelMccarthy@testemail.com,001-724-140-1452x8678,"Barnes, Whitehead and Gray",Media planner,Technology
Erika Newton,ErikaNewton@testemail.com,853.663.4920x917,"Suarez, Riddle and Black",Volunteer coordinator,Education
Andrew Winters,AndrewWinters@testemail.com,001-856-386-6246,Davies Group,Data scientist,Technology
Sara Anderson,SaraAnderson@testemail.com,077.309.0131x35202,Burns and Sons,Adult guidance worker,Education
William Martin,WilliamMartin@testemail.com,001-433-399-1871,"Watkins, Sanders and Barry",Careers information officer,Education
Duane Hunt,DuaneHunt@testemail.com,(822)708-5317x427,"Gonzales, Miller and Sanchez",Sales promotion account executive,Retail
Mark Giles,MarkGiles@testemail.com,007.916.2084x468,Hardin PLC,Pathologist,Healthcare
Barbara Patterson,BarbaraPatterson@testemail.com,001-905-112-5826x9546,Mack Group,Fast food restaurant manager,Hospitality
Gina Smith,GinaSmith@testemail.com,(453)322-8790x036,"Jones, Adkins and Robinson",Health visitor,Healthcare
James Keller,JamesKeller@testemail.com,+1-523-795-3275x90944,Ortiz-Pham,Dietitian,Healthcare
Carly Sullivan,CarlySullivan@testemail.com,576.723.9254,Ballard Inc,Ergonomist,Healthcare
Lucas Bautista,LucasBautista@testemail.com,3696263110,Saunders-Nichols,"Sound technician, broadcasting/film/video",Technology
Laura Hays,LauraHays@testemail.com,3851614482,Tate LLC,Advertising account executive,Retail
Kathryn Martin,KathrynMartin@testemail.com,001-598-848-0822,"Jones, Quinn and Gonzalez","Biochemist, clinical",Healthcare
Joseph Frost,JosephFrost@testemail.com,+1-030-920-5403,Burns and Sons,"Teacher, special educational needs",Education
Rebecca Burton,RebeccaBurton@testemail.com,998.613.2272x9826,Rodriguez PLC,Petroleum engineer,Energy
David Davis,DavidDavis@testemail.com,(760)232-2534,Hardin PLC,Information officer,Technology
Mark Smith,MarkSmith@testemail.com,669.529.3267x769,"Cooper, Pineda and Whitney","Teacher, secondary school",Education
Edward Gilmore,EdwardGilmore@testemail.com,628.025.5426x8367,"Watkins, Sanders and Barry",Mining engineer,Energy
Zachary Horton,ZacharyHorton@testemail.com,(022)390-7521,Glover-Rivera,Clothing/textile technologist,Manufacturing
John Snow,JohnSnow@testemail.com,001-594-675-8437x1957,Gay-Stevenson,"Research officer, trade union",Finance
Chris Gross,ChrisGross@testemail.com,355-827-3394x425,Tucker Ltd,Geoscientist,energy
Keith Conner,KeithConner@testemail.com,+1-367-946-0917,Leon and Sons,Web designer,Technology
Jason Craig,JasonCraig@testemail.com,247-686-9496x9370,"Bell, Dean and Oneill",Quarry manager,Construction
Manuel Graham,ManuelGraham@testemail.com,9879009944,Campos-Boyd,Teaching laboratory technician,Education
Cindy Mitchell,CindyMitchell@testemail.com,140.483.1767x26208,"Brown, Woodward and Sexton",Herbalist,Healthcare
Terry Baker,TerryBaker@testemail.com,288-164-6925,Young-Garcia,Television floor manager,Media and Entertainment
Joseph Bishop,JosephBishop@testemail.com,8041992854,Gay-Stevenson,Energy manager,Energy
Mark Warren,MarkWarren@testemail.com,4303860508,Gross-Kennedy,Armed forces operational officer,Transportation
Brianna Moore,BriannaMoore@testemail.com,578.046.4113,"Coleman, Jones and Keith",Air cabin crew,hospitality
Joseph Patterson,JosephPatterson@testemail.com,001-942-629-8078x7365,Tate LLC,"Buyer, industrial",Manufacturing
Daniel Ellis,DanielEllis@testemail.com,918-603-9097,Shepherd-Davis,Counsellor,Healthcare
Emily Brown,EmilyBrown@testemail.com,001-523-084-2138x704,Harris-Chapman,"Sound technician, broadcasting/film/video",Technology
Rachael Jackson,RachaelJackson@testemail.com,(244)103-3014,Diaz PLC,"Engineer, aeronautical",Technology
Victor Griffith,VictorGriffith@testemail.com,729.782.2490,Adams LLC,Clinical psychologist,Healthcare
Barbara Stokes,BarbaraStokes@testemail.com,080-352-6419x62063,Williams Ltd,"Journalist, broadcasting",None of the categories.
Steven Fox,StevenFox@testemail.com,(176)285-7921x7123,Allen Inc,Animal technologist,Healthcare
Nathan Harding,NathanHarding@testemail.com,260.914.0386x4249,"Jones, Quinn and Gonzalez","Programmer, multimedia",Technology
Jason Ramos,JasonRamos@testemail.com,055-246-8896x50284,Shepherd-Davis,Financial risk analyst,finance
Scott Wallace,ScottWallace@testemail.com,(524)703-8345,Flores-Bailey,"Librarian, academic",Education
Amanda Kent,AmandaKent@testemail.com,4939544130,"Baker, Mcdaniel and Cruz","Surveyor, building",Construction
Mrs. Felicia Johnson MD,Mrs.FeliciaJohnsonMD@testemail.com,714.335.8813x0231,"Jones, Quinn and Gonzalez",Metallurgist,Manufacturing
Cameron Horn,CameronHorn@testemail.com,665-538-6029x95568,Leon and Sons,Manufacturing systems engineer,manufacturing
Allison Morgan,AllisonMorgan@testemail.com,(210)752-4807,Young-Garcia,Chartered accountant,finance
Kelly Richardson,KellyRichardson@testemail.com,+1-312-660-8961x2017,"Suarez, Riddle and Black",Advertising account executive,Retail
Crystal Beard,CrystalBeard@testemail.com,243.921.0043,"Cooper, Pineda and Whitney","Engineer, automotive",Manufacturing
Emily Lynch,EmilyLynch@testemail.com,001-206-670-9565x29728,Hernandez-Briggs,Patent attorney,Finance
James Hardin,JamesHardin@testemail.com,177.443.8087x680,"Jones, Quinn and Gonzalez",Ophthalmologist,Healthcare
Monique Price,MoniquePrice@testemail.com,(428)252-0998x494,"Hernandez, Hoffman and Sanchez","Surveyor, insurance",finance
Steven Gates,StevenGates@testemail.com,232.963.7328,Young-Garcia,Biomedical engineer,Healthcare
Anthony Li,AnthonyLi@testemail.com,001-745-395-7015x6303,Moreno Ltd,Facilities manager,construction
Aimee Taylor,AimeeTaylor@testemail.com,116-971-8849,Cervantes,Operational researcher,Technology
James Thompson,JamesThompson@testemail.com,3697115189,Cooper-West,Occupational hygienist,Healthcare
Alison Freeman,AlisonFreeman@testemail.com,001-602-700-6770x3009,Henderson-Silva,Scientific laboratory technician,Healthcare
Katelyn Small,KatelynSmall@testemail.com,(778)092-3445,Hernandez-Briggs,Commercial art gallery manager,Retail
Joseph Vaughn,JosephVaughn@testemail.com,(555)886-9040,Gay-Stevenson,"Engineer, biomedical",Healthcare
Michael Ballard,MichaelBallard@testemail.com,188-890-2748x057,BeanInc,"Surveyor, minerals",Construction
Christopher Wheeler,ChristopherWheeler@testemail.com,498-894-5543x96438,Hernandez-Briggs,Art gallery manager,Retail
Susan Snyder,SusanSnyder@testemail.com,351-198-6609x2584,"Jones, Quinn and Gonzalez","Programmer, applications",Technology
Sara Wells PhD,SaraWellsPhD@testemail.com,943-063-0224x719,Brown-Hawkins,"Engineer, site",Construction
Andrew Stewart,AndrewStewart@testemail.com,+1-325-461-0834x5300,Hardin PLC,"Accountant, chartered public finance",Finance
Cynthia Garrett,CynthiaGarrett@testemail.com,133-179-4208x750,Durham Inc,"Surveyor, commercial/residential",Construction
Michelle Phillips,MichellePhillips@testemail.com,731-567-6074,Hunt-Reed,"Psychologist, sport and exercise",Healthcare
Jordan Mcbride,JordanMcbride@testemail.com,951.746.8235x4192,"Baker, Mcdaniel and Cruz",Diagnostic radiographer,Healthcare
Jennifer Mason,JenniferMason@testemail.com,+1-071-352-0437,"Raymond, Terry and Warner",Psychiatric nurse,Healthcare
Jason Jackson,JasonJackson@testemail.com,175.107.0546x915,Martinez Inc,Art therapist,Healthcare
Erin Osborne,ErinOsborne@testemail.com,001-691-243-4784,Allen Inc,Insurance underwriter,Finance
Amy Yu,AmyYu@testemail.com,+1-138-188-1517x1967,Ramirez PLC,Economist,Finance
Bethany Mcdaniel,BethanyMcdaniel@testemail.com,607.189.3082,Moreno Ltd,Legal secretary,None of the categories.
Gary Anderson,GaryAnderson@testemail.com,001-114-237-8857x763,Brown-Hawkins,Multimedia programmer,Technology
Megan Hudson,MeganHudson@testemail.com,(667)320-4764x296,Shepherd-Davis,Health visitor,Healthcare
Kelsey Lopez,KelseyLopez@testemail.com,(834)648-9025x5304,Martin-Gates,Energy manager,Energy
Samantha Hansen,SamanthaHansen@testemail.com,(453)418-8760x69742,Lopez-Kirby,Broadcast journalist,None of the categories.
Charles Paul,CharlesPaul@testemail.com,001-846-775-2574x313,Mack Group,Field trials officer,Agriculture
Rebecca Braun,RebeccaBraun@testemail.com,954-710-7684,Gross-Kennedy,Chief Technology Officer,Technology
Courtney Nunez,CourtneyNunez@testemail.com,+1-128-694-1477x4703,"Jones, Adkins and Robinson",Forensic scientist,Healthcare
Christopher Pugh,ChristopherPugh@testemail.com,368-761-6844x870,Lopez-Kirby,Charity officer,Non-profit/Charity sector (not listed as a provided category)
Tanya Sanchez,TanyaSanchez@testemail.com,550.756.8582x7926,Gay-Stevenson,Retail merchandiser,Retail
Angela Blair,AngelaBlair@testemail.com,+1-624-821-4940x4059,"Cooper, Pineda and Whitney","Radiographer, diagnostic",Healthcare
Michael Lozano,MichaelLozano@testemail.com,001-625-833-1308x51753,Williams Ltd,Historic buildings inspector/conservation officer,construction
Peggy Ortiz,PeggyOrtiz@testemail.com,657.069.9946,Price LLC,Glass blower/designer,Manufacturing
Rebecca Stevens,RebeccaStevens@testemail.com,(114)376-8910x88522,Olson-Sanders,"Conservator, furniture",Manufacturing
Joseph Bryan,JosephBryan@testemail.com,125.753.5845x99558,James LLC,Ceramics designer,Manufacturing
Hannah Booker,HannahBooker@testemail.com,001-806-484-9940x0311,Ball%ard Inc,Animal nutritionist,Healthcare
Scott Hernandez,ScottHernandez@testemail.com,+1-644-721-0968,Hernandez-Woods,Chemical engineer,Manufacturing
Jose Snyder,JoseSnyder@testemail.com,(030)625-1690x9869,Rodriguez PLC,"Scientist, biomedical",Healthcare
David Williamson,DavidWilliamson@testemail.com,909-741-7257x0999,Harris-Becker,Proofreader,Education
Donald Ramirez,DonaldRamirez@testemail.com,808-721-0263,"Thomas, Love and Harris",Higher education careers adviser,education
Brandon Trevino,BrandonTrevino@testemail.com,756-599-5003,Olson-Sanders,"Surveyor, insurance",Finance
Mark Hernandez,MarkHernandez@testemail.com,+1-500-077-9761,Hernandez-Briggs,"Engineer, building services",Construction
Mr. Michael Williams,Mr.MichaelWilliams@testemail.com,(481)656-4700,Martinez Inc,Archivist,Education
Kimberly Booker,KimberlyBooker@testemail.com,+1-280-255-0065x25220,Montgomery-Cox,"Psychologist, educational",Education
Jacqueline Smith,JacquelineSmith@testemail.com,572.945.6909,"Bass, Ortiz and Fitzpatrick",Community development worker,Education
Samantha Garcia,SamanthaGarcia@testemail.com,605-245-5783,"Russo, Moran and Hoffman","Optician, dispensing",Healthcare
Stephen Smith,StephenSmith@testemail.com,(381)470-5654x616,"Jones, Adkins and Robinson",Medical laboratory scientific officer,Healthcare
Dr. Amy Moore,Dr.AmyMoore@testemail.com,001-292-258-8792x890,Myers LLC,"Therapist, occupational",Healthcare
Mrs. Melanie Brown,Mrs.MelanieBrown@testemail.com,(864)449-2315,Durham Inc,Systems developer,Technology
Tina Galvan,TinaGalvan@testemail.com,(551)445-3844,Montgomery-Cox,"Therapist, occupational",Healthcare
Paula Dickerson,PaulaDickerson@testemail.com,814.385.4810,"Lynch, Harris and Cook",Restaurant manager,Hospitality
Kathleen Snyder,KathleenSnyder@testemail.com,001-204-116-0443x173,Tucker Ltd,"Education officer, environmental",Education
Debra Collins,DebraCollins@testemail.com,(924)991-3123,Pearson Ltd,"Engineer, manufacturing",manufacturing
Carl Hall,CarlHall@testemail.com,001-056-035-1291,Ramirez PLC,Trading standards officer,Finance
James Cox,JamesCox@testemail.com,363-470-8214,"Powell, Mcmahon and Shaffer",Call centre manager,Retail
Mr. Collin Robinson Jr.,Mr.CollinRobinsonJr.@testemail.com,156.216.4624x740,Ramos-Montgomery,Catering manager,hospitality
David Mcbride,DavidMcbride@testemail.com,537-726-9380x7220,"Gonzales, Miller and Sanchez",Copy,None of the categories fit.
Emily Cooper,EmilyCooper@testemail.com,+1-863-518-5964x867,"Barnes, Whitehead and Gray",Hotel manager,Hospitality
Mallory Ross,MalloryRoss@testemail.com,001-274-371-2622x350,Tucker Ltd,Chief Strategy Officer,Finance
Lucas Butler,LucasButler@testemail.com,235-233-9380x65922,"Meyer, Alexander and Kim",Restaurant manager,Hospitality
Tiffany Navarro,TiffanyNavarro@testemail.com,+1-890-437-9958,Rodriguez PLC,Chief of Staff,Unknown
Heather Harrell,HeatherHarrell@testemail.com,(897)677-3853x8157,Martinez Inc,Commercial horticulturist,Manufacturing
Nancy Anderson,NancyAnderson@testemail.com,(892)295-5388x2349,Guerra-Garcia,Broadcast engineer,Technology
Daniel Cannon,DanielCannon@testemail.com,+1-481-638-1729x8662,Mack Group,"Pharmacist, hospital",Healthcare
Todd Lewis,ToddLewis@testemail.com,363-768-7817,"Cooper, Pineda and Whitney",Hydrologist,Energy
Sabrina Delgado,SabrinaDelgado@testemail.com,804.267.8976x8359,"Jones, Adkins and Robinson",Futures trader,Finance
Shawn Webb,ShawnWebb@testemail.com,+1-690-502-4461,Glover-Rivera,Museum education officer,Education
Jacob Barnes,JacobBarnes@testemail.com,001-317-246-2678x85388,"Watkins, Sanders and Barry",Astronomer,Technology
Terry Harris,TerryHarris@testemail.com,558.843.9154x402,"Bass, Ortiz and Fitzpatrick","Teacher, music",Education
Gary Mullins,GaryMullins@testemail.com,989.133.8738x6524,Kelly Inc,"Education officer, environmental",Education
Janice Beck,JaniceBeck@testemail.com,295.704.8870x97750,Campos-Boyd,Race relations officer,Education
Bryan Nelson,BryanNelson@testemail.com,+1-304-963-5303x087,Harris-Chapman,"Scientist, physiological",Healthcare
Amber Castro,AmberCastro@testemail.com,124.331.2093x393,Montes-Barnes,"Therapist, horticultural",Healthcare
John Lee,JohnLee@testemail.com,(291)192-9332x25475,"Powell, Mcmahon and Shaffer",Clinical psychologist,Healthcare
Ashley Gregory,AshleyGregory@testemail.com,834.149.2423,"Bass, Ortiz and Fitzpatrick",Dancer,Hospitality
Brian Mitchell,BrianMitchell@testemail.com,537.527.2549,Harris-Becker,"Designer, textile",Manufacturing
James Cox,JamesCox@testemail.com,363-470-8214,"Powell, Mcmahon and Shaffer",Call centre manager,Retail
Jennifer Michael,JenniferMichael@testemail.com,653.258.3597x1403,Weiss-Ortiz,Web designer,Technology
Samantha Weiss,SamanthaWeiss@testemail.com,332-253-2915x33882,"Jones, Adkins and Robinson",Call centre manager,Retail
Amber Vargas,AmberVargas@testemail.com,665-837-4039,"Bass, Ortiz and Fitzpatrick","Engineer, automotive",Manufacturing
Crystal Jones,CrystalJones@testemail.com,407-896-1359x541,"Coleman, Jones and Keith",Financial trader,Finance
Lauren Vasquez,LaurenVasquez@testemail.com,001-703-922-6994x99436,Leon and Sons,Television/film/video producer,None of the specified categories.
Amanda Mcguire,AmandaMcguire@testemail.com,464-423-7789x250,"Raymond, Terry and Warner",Architect,Construction
Michael Smith,MichaelSmith@testemail.com,001-453-751-1546x5431,Williams Ltd,"Engineer, broadcasting (operations)",Technology
James Davis,JamesDavis@testemail.com,+1-750-481-5225x502,Manning Inc,Hydrographic surveyor,Construction
Connie Neal,ConnieNeal@testemail.com,623.599.6635,Rodriguez PLC,Learning mentor,Education
Kathryn Jones,KathrynJones@testemail.com,(228)919-1001,Cooper-West,Counselling psychologist,Healthcare
Kimberly Perry,KimberlyPerry@testemail.com,+1-756-414-2033x539,Rodriguez PLC,"Runner, broadcasting/film/video",Media
Kimberly Perez,KimberlyPerez@testemail.com,(964)050-2758,"Suarez, Riddle and Black","Surveyor, planning and development",Construction
Samantha Jordan,SamanthaJordan@testemail.com,561.745.8359,"Bell, Dean and Oneill",Higher education lecturer,Education
Albert Perez,AlbertPerez@testemail.com,+1-364-273-7830x50007,Diaz PLC,"Investment banker, corporate",Finance
Christopher Alvarez,ChristopherAlvarez@testemail.com,0616374435,"Moore, Warren and Morris",Printmaker,Manufacturing
Kenneth Wallace,KennethWallace@testemail.com,002.413.9387x61662,Ortiz-Pham,Metallurgist,Manufacturing
Chloe Jackson,ChloeJackson@testemail.com,7408661500,"Powell, Mcmahon and Shaffer",Financial risk analyst,finance
James May,JamesMay@testemail.com,570-502-7558x5616,James LLC,Primary school teacher,Education
Christina Carrillo,ChristinaCarrillo@testemail.com,(589)253-7301,Gross-Kennedy,Music therapist,Healthcare
Alexander Hernandez,AlexanderHernandez@testemail.com,026.563.6739x5064,Montes-Barnes,"Merchandiser, retail",Retail
Emily Nixon,EmilyNixon@testemail.com,+1-314-107-9506x035,Tate LLC,Social worker,Healthcare
Matthew Davis Jr.,MatthewDavisJr.@testemail.com,831.914.1789x4745,Evans and Sons,Land,None of the categories apply.
Cynthia Garrett,CynthiaGarrett@testemail.com,133-179-4208x750,Durham Inc,"Surveyor, commercial/residential",Construction
Jared Woods,JaredWoods@testemail.com,(605)600-2973x6712,Myers LLC,Intelligence analyst,Technology
Sheila Gallagher,SheilaGallagher@testemail.com,001-073-123-3994x47861,James LLC,Osteopath,Healthcare
Jennifer Johnston,JenniferJohnston@testemail.com,608.741.1185x630,Whitehead-Bell,Financial manager,Finance
Anthony Simon,AnthonySimon@testemail.com,623-425-7785x47684,Flores-Bailey,Primary school teacher,Education
Stephen Miller,StephenMiller@testemail.com,(024)021-0609,Shepard PLC,Social researcher,Education
Jerry Ward,JerryWard@testemail.com,001-864-646-6419x086,Shepherd-Davis,Community development worker,Education
Sarah Cooper,SarahCooper@testemail.com,739.900.1666,Leon and Sons,Publishing rights manager,Technology
Jacob Walter,JacobWalter@testemail.com,(757)651-7054x245,Gay-Stevenson,Chief Financial Officer,Finance
David Robinson,DavidRobinson@testemail.com,746-939-5903x62327,Massey Ltd,Public librarian,Education
Melissa Young,MelissaYoung@testemail.com,+1-463-958-8521,Shepard PLC,Civil Service fast streamer,Public Sector
James Brooks,JamesBrooks@testemail.com,001-641-382-7293x8110,Burns and Sons,Contractor,Construction
Connie Moore MD,ConnieMooreMD@testemail.com,877.531.6706,Moreno Ltd,"Merchandiser, retail",Retail
Daniel Shepherd,DanielShepherd@testemail.com,131-989-1659x0507,Jones PLC,Animal technologist,Healthcare
Nicole Barber,NicoleBarber@testemail.com,7768356004,Leon and Sons,Electrical engineer,Energy and manufacturing
Mallory Palmer,MalloryPalmer@testemail.com,(234)542-1680x0019,Rodriguez PLC,Hospital pharmacist,Healthcare
Jessica White,JessicaWhite@testemail.com,530-874-9178,Harris-Chapman,Retail merchandiser,Retail
Heather Mcdowell,HeatherMcdowell@testemail.com,(462)369-0145x9747,Cooper-West,Music tutor,Education
Martin Owens,MartinOwens@testemail.com,001-585-175-7338x2356,James LLC,Contracting civil engineer,Construction
Jennifer Melton,JenniferMelton@testemail.com,963.172.9501x59284,Olson-Sanders,Petroleum engineer,Energy
Andrew Bradley,AndrewBradley@testemail.com,893-133-9379x58533,Myers LLC,Veterinary surgeon,Healthcare
Wesley Wells,WesleyWells@testemail.com,397.440.5264,Flores-Bailey,"Librarian, academic",Education
David Perry,DavidPerry@testemail.com,(361)236-3017x00364,Gross-Kennedy,"Engineer, chemical",Manufacturing
Jacob Grant,JacobGrant@testemail.com,(000)184-5402,Young-Garcia,"Psychologist, clinical",Healthcare
William Reynolds,WilliamReynolds@testemail.com,(345)080-7660x704,"Russo, Moran and Hoffman","Psychologist, clinical",Healthcare
Michael Williams,MichaelWilliams@testemail.com,001-341-103-4656x3600,Weiss-Ortiz,"Accountant, chartered",Finance
Dr. Paul Torres,Dr.PaulTorres@testemail.com,371-323-7493,"Powell, Mcmahon and Shaffer","Lecturer, further education",Education
Jennifer Hanna,JenniferHanna@testemail.com,(444)028-7658x240,Brown-Hawkins,"Sound technician, broadcasting/film/video",Technology
Garrett Mayo,GarrettMayo@testemail.com,001-573-797-7928x721,Young-Garcia,Corporate investment banker,Finance
Daniel Contreras,DanielContreras@testemail.com,523-971-6431,Whitehead-Bell,Technical sales engineer,Technology
Sharon Johnson,SharonJohnson@testemail.com,651-789-8844x92847,Pearson Ltd,"Education officer, environmental",Education
Virginia Wright,VirginiaWright@testemail.com,(158)780-6410x5246,Glover-Rivera,"Nurse, mental health",Healthcare
Tyler Boyd,TylerBoyd@testemail.com,9275583336,Cervantes Inc,"Teacher, early years/pre",Education
Jonathan Wilson,JonathanWilson@testemail.com,5454577614,Ramirez PLC,Environmental health practitioner,Healthcare
Anthony Shaffer,AnthonyShaffer@testemail.com,+1-261-239-3306x151,"Jones, Adkins and Robinson",Occupational hygienist,Healthcare
Jacob Howard,JacobHoward@testemail.com,+1-433-659-1813x80362,Martinez Ltd,Risk manager,finance
Isaac Bowman,IsaacBowman@testemail.com,+1-532-506-1188x559,Montes-Barnes,"Surveyor, building control",Construction
Sarah Downs,SarahDowns@testemail.com,985-336-2055,Jones Ltd,"Embryologist, clinical",Healthcare
Gloria Faulkner,GloriaFaulkner@testemail.com,745.512.6438x05863,"Powell, Mcmahon and Shaffer",Fitness centre manager,Healthcare
Amber Willis,AmberWillis@testemail.com,601.135.9333x1714,"Brown, Woodward and Sexton",Intelligence analyst,finance
Christina Gonzalez,ChristinaGonzalez@testemail.com,(926)287-9245,"Jones, Quinn and Gonzalez","Engineer, electronics",Technology
Sarah Downs,SarahDowns@testemail.com,985-336-2055,Montes-Barnes,"Embryologist, clinical",Healthcare
Mr. Christopher Brown,Mr.ChristopherBrown@testemail.com,001-251-072-0588x46642,"Gonzales, Miller and Sanchez",Air cabin crew,Hospitality
Ryan Jenkins,RyanJenkins@testemail.com,435.020.6591x45818,Martin LLC,Chartered public finance accountant,finance
Dean Robinson,DeanRobinson@testemail.com,(498)874-6103x12028,Tucker Ltd,"Teacher, primary school",Education
William Carlson,WilliamCarlson@testemail.com,(156)436-8304,Allen Inc,Geoscientist,Energy
Felicia Adams,FeliciaAdams@testemail.com,001-464-130-0762x556,Barnett-Peters,Illustrator,Technology
Billy Mendez,BillyMendez@testemail.com,1400895317,"Watkins, Sanders and Barry",Secondary school teacher,Education
Blake Buck,BlakeBuck@testemail.com,865.542.5338,"Miller, Howard and Burton",Metallurgist,Manufacturing
Alexis Shelton,AlexisShelton@testemail.com,+1-234-195-4011x44279,Durham Inc,Furniture designer,Manufacturing
John Pratt,JohnPratt@testemail.com,+1-920-830-2776x561,Shepard PLC,Civil Service fast streamer,Government/Public Service
Edward Hardy,EdwardHardy@testemail.com,574.628.2945,Harris-Becker,Secondary school teacher,Education
Hunter Hardin,HunterHardin@testemail.com,(447)769-3686x75452,Campos-Boyd,"Teacher, secondary school",Education
Travis Klein,TravisKlein@testemail.com,723-871-0381x5389,Barnett-Peters,Cabin crew,Hospitality
Robert Haas,RobertHaas@testemail.com,+1-144-941-2120,Ramos-Montgomery,Tax inspector,Finance
Lisa Campbell,LisaCampbell@testemail.com,6777344302,"Suarez, Riddle and Black",Health physicist,Healthcare
Patrick Allen,PatrickAllen@testemail.com,001-420-775-7575,Diaz PLC,IT consultant,Technology
Donna Williams,DonnaWilliams@testemail.com,+1-655-556-5557,Shepard PLC,Psychiatrist,Healthcare
Tonya Rivas,TonyaRivas@testemail.com,001-666-746-9596,Casey-Stephenson,Aeronautical engineer,Transportation
Aaron Perkins,AaronPerkins@testemail.com,+1-883-531-4608,Gross-Kennedy,Chiropractor,Healthcare
Melissa Young,MelissaYoung@testemail.com,+1-463-958-8521,Durham Inc,Civil Service fast streamer,Government
Margaret Phillips,MargaretPhillips@testemail.com,6025488150,Ballard Inc,Television camera operator,Media/Entertainment
Taylor Rogers,TaylorRogers@testemail.com,361.872.4205,"Jones, Adkins and Robinson",Therapeutic radiographer,Healthcare
Madison Austin,MadisonAustin@testemail.com,+1-875-886-8972,"Thomas, Love and Harris","Surveyor, building control",Construction
Luis Bailey,LuisBailey@testemail.com,(340)592-8611x32556,"Cooper, Pineda and Whitney",Petroleum engineer,Energy
Dean Richard,DeanRichard@testemail.com,+1-608-139-7400x8208,"Garcia, Lee and Williams",Sports development officer,Education
Jeffery Jones,JefferyJones@testemail.com,+1-229-518-7262x564,Massey Ltd,Film/video editor,Technology
Ashley Johnson,AshleyJohnson@testemail.com,273.080.2892x213,"Russo, Moran and Hoffman","Producer, radio",Media and Entertainment
Lori Sullivan,LoriSullivan@testemail.com,491-370-5689x385,Perkins-Watkins,Colour technologist,Manufacturing
Robert Hogan,RobertHogan@testemail.com,+1-929-849-1520x64058,"Raymond, Terry and Warner","Designer, jewellery",Retail
